Year,Togo
1990,12.59422688
1991,12.2283508
1992,11.86247472
1993,11.49659864
1994,11.13072256
1995,10.76484648
1996,10.3989704
1997,10.03309432
1998,9.667218239
1999,9.301342158
2000,8.935466078
2001,8.567751425
2002,8.200036771
2003,7.832322118
2004,7.464607465
2005,7.096892811
2006,6.732855304
2007,6.368817797
2008,6.00478029
2009,5.640742784
2010,5.276705277
2011,4.91266777
2012,4.548630263
2013,4.184592756
2014,3.820555249
2015,3.456517742
